All Sites Combined. ADD ALL NEW DATA TO THE REGION-SPECIFIC TAB. Last Updated 7 July 2023,,,,,,,,,,
Sample & GPS Pt Name,Date,Fresh/Old,Species,Latitude,Longitude,Collector,Pic?,Entire Scat?,Date Entry/Initials,
AN 1,24 Oct 22,O,Bobcat,37.12596,-122.33492,ZR,TRUE,FALSE,9 Nov 22 / ZR,
AN 2,24 Oct 22,O,Coyote?,37.12601,-122.33463,SW,TRUE,TRUE,9 Nov 22 / ZR,
AN 3,24 Oct 22,O,Bobcat,37.1264,-122.33204,ZR,TRUE,FALSE,9 Nov 22 / ZR,
AN 4,24 Oct 22,O,Coyote?,37.1264,-122.33205,SW,TRUE,TRUE,9 Nov 22 / ZR,
AN 5,14 Nov 22,O,Coyote?,37.12661,-122.33618,ZR,TRUE,TRUE,5 Dec 22 / ZR,
AN 6,14 Nov 22,O,Coyote?,37.12663,-122.33396,ZR,TRUE,TRUE,5 Dec 22 / ZR,
AN 7,14 Nov 22,O,Coyote,37.12663,-122.334,ZR,TRUE,TRUE,5 Dec 22 / ZR,
AN 8,28 Nov 22,O,Coyote,37.13221,-122.32184,ZR,TRUE,TRUE,5 Dec 22 / ZR,
AN 9,28 Nov 22,O,Coyote,37.13076,-122.32552,AGB,TRUE,TRUE,5 Dec 22 / ZR,
AN 10,28 Nov 22,O,Coyote?,37.12867,-122.33057,ZR,TRUE,TRUE,5 Dec 22 / ZR,
AN 11,28 Nov 22,O,Mountain Lion,37.12794,-122.33139,ZR,TRUE,TRUE,5 Dec 22 / ZR,
AN 12,28 Nov 22,O,Coyote,37.1274,-122.33105,ZR,FALSE,TRUE,5 Dec 22 / ZR,
AN 13,28 Nov 22,F,Bobcat,37.12599,-122.33465,AGB,TRUE,TRUE,5 Dec 22 / ZR,
AN 14,4 Dec 22,O,Coyote?,37.12098,-122.33739,AGB,FALSE,TRUE,5 Dec 22 / ZR,
AN 15,5 Dec 22,O,Mountain Lion,37.12599,-122.32889,ZR,TRUE,TRUE,5 Dec 22 / ZR,
AN 16,5 Dec 22,O,Fox?,37.12596,-122.32898,ZR,TRUE,TRUE,5 Dec 22 / ZR,
AN 17,5 Dec 22,O,Coyote?,37.12593,-122. 32903,ZR,TRUE,TRUE,5 Dec 22 / ZR,
AN 18,5 Dec 22,F,Mountain Lion,37.1264,-122.32986,ZR,TRUE,TRUE,5 Dec 22 / ZR,
YL 1,17 Oct 22,O,Coyote,36.94995,-122.06656,FG,FALSE,TRUE,11 Nov. 22 / SW,
YL 2,3 Oct 22,O,Bobcat,36.95331,-122.06673,FG,TRUE,TRUE,12 Nov. 22 / SW,
YL 3,3 Oct 22,O,Bobcat,36.95420,-122.06583,FG,TRUE,TRUE,13 Nov. 22 / SW,
YL 4,3 Oct 22,O,Bobcat,36.95579,-122.06517,FG,TRUE,TRUE,14 Nov. 22 / SW,
YL 5,17 Oct 22,O,Bobcat ,36.94991,-122.06760,AGB,TRUE,TRUE,15 Nov. 22 / SW,
YL 6,17 Oct 22,O,Unknown,36.95015,-122.06662,ZR,TRUE,TRUE,16 Nov. 22 / SW,
YL 7,17 Oct 22,O,Coyote ,36.95065,-122.06635,AGB,TRUE,TRUE,17 Nov. 22 / SW,
YL 8,17 Oct 22,O,Coyote,36.95211,-122.06613,AGB,TRUE,TRUE,18 Nov. 22 / SW,
YL 9,17 Oct 22,O,Bobcat ,36.95295,-122.06685,ZR,TRUE,FALSE,19 Nov. 22 / SW,
YL 10,17 Oct 22,O,Coyote,36.95368,-122.06542,ZR,FALSE,TRUE,12 Nov. 22 / AGB,
YL 11,17 Oct 22,O,Coyote,36.95585,-122.06252,ZR,TRUE,TRUE,12 Nov. 22 / AGB,
YL 12,17 Oct 22,O,Coyote,36.95587,-122.06528,ZR,TRUE,TRUE,12 Nov. 22 / AGB,
YL 13,17 Oct 22,F,Coyote,36.95228,-122.06741,ZR,TRUE,TRUE,12 Nov. 22 / AGB,
YL 14,21 Oct 22,O,Bobcat,36.95188,-122.06606,FG,FALSE,TRUE,12 Nov. 22 / AGB,
YL 15,21 Oct 22,O,Coyote,36.95268,-122.06601,SW,TRUE,TRUE,12 Nov. 22 / AGB,
YL 16,21 Oct 22,O,Coyote,36.95513,-122.06574,KD,TRUE,TRUE,12 Nov. 22 / AGB,
YL 17,21 Oct 22,O,Coyote,36.95512,-122.06570,KD,TRUE,TRUE,12 Nov. 22 / AGB,
YL 18,21 Oct 22,O,Bobcat ,36.95431,-122.06589,FG,TRUE,FALSE,12 Nov. 22 / AGB,
YL 19,21 Oct 22,O,Bobcat,36.95220,-122.06755,FG,TRUE,FALSE,12 Nov. 22 / AGB,
YL 20,21 Oct 22,O,Unknown ,36.95237,-122.06750,FG,TRUE,TRUE,12 Nov. 22 / AGB,
YL 21,21 Oct 22,O,Unknown,36.95251,-122.06760,FG,TRUE,TRUE,12 Nov. 22 / AGB,
YL 22,21 Oct 22,O,Bobcat ,36.95252,-122.06759,FG,TRUE,FALSE,12 Nov. 22 / AGB,
YL 23,21 Oct 22,O,Unknown,36.95340,-122.06355,FG,TRUE,TRUE,12 Nov. 22 / AGB,
YL 24,21 Oct 22,F,Coyote (?),36.95303,-122.06265,KD,TRUE,TRUE,12 Nov. 22 / AGB,
YL 25,28 Oct 22,F(?),Coyote ,36.95487,-122.06339,KD,TRUE,TRUE,12 Nov. 22 / AGB,
YL 26,28 Oct 22,O,Coyote ,36.95322,-122.06329,KD,TRUE,FALSE,12 Nov. 22 / AGB,
YL 27,28 Oct 22,F(?),Coyote ,36.95307,-122.06340,KD,TRUE,TRUE,12 Nov. 22 / AGB,
YL 28,28 Oct 22,O,Coyote ,36.95130,-122.06583,SW,TRUE,TRUE,12 Nov. 22 / AGB,
YL 29,28 Oct 22,O,Coyote ,36.95130,-122.06584,SW,TRUE,TRUE,12 Nov. 22 / AGB,
YL 30,28 Oct 22,O,Unknown,36.95501,-122.06580,SW,TRUE,TRUE,12 Nov. 22 / AGB,
YL 31,28 Oct 22,F,Coyote ,36.95512,-122.06573,SW,TRUE,TRUE,12 Nov. 22 / AGB,
YL 32,1 Nov 22,F,Coyote (?),36.95155,-122.06398,FG,TRUE,TRUE,12 Nov. 22 / AGB,
YL 33,4 Nov 22,F,Coyote ,36.95010,-122.06683,KD,TRUE,TRUE,12 Nov. 22 / AGB,
YL 34,4 Nov 22,O,Coyote ,36.95018,-122.06438,SW,TRUE,FALSE,12 Nov. 22 / AGB,
YL 35,4 Nov 22,O,Coyote ,36.95017,-122.06432,SW,TRUE,TRUE,12 Nov. 22 / AGB,
YL 36,4 Nov 22,O(?),Coyote ,36.95102,-122.06329,KD,TRUE,FALSE,12 Nov. 22 / AGB,
YL 37,4 Nov 22,F,Coyote ,36.95134,-122.06356,KD,TRUE,TRUE,12 Nov. 22 / AGB,
YL 38,4 Nov 22,F,Bobcat,36.95133,-122.06346,KD,TRUE,TRUE,12 Nov. 22 / AGB,
YL 39,4 Nov 22,F,Coyote ,36.95140,-122.06342,KD,TRUE,TRUE,12 Nov. 22 / AGB,
YL 40,4 Nov 22,F(?),Coyote ,36.95142,-122.06349,KD,TRUE,TRUE,12 Nov. 22 / AGB,
YL 41,4 Nov 22,F,Coyote ,36.95147,-122.06324,KD,TRUE,TRUE,12 Nov. 22 / AGB,
YL 42,11 Nov 22,F,Coyote ,36.95007,-122.06360,SW,TRUE,TRUE,11 Jan 23 / SW,
YL 43,11 Nov 22,O,Bobcat (?),36.95178,-122.06353,SW,TRUE,FALSE,11 Jan 23 / SW,
YL 44,11 Nov 22,O,Coyote ,36.95184,-122.06352,SW,TRUE,TRUE,11 Jan 23 / SW,
YL 45,01 Dec 22,O,Coyote,36.95364,-122.06364,FG,TRUE,TRUE,11 Jan 23 / SW,
YL 46,02 Dec 22,O,Unknown,36.95350,-122.06349,FG,TRUE,TRUE,11 Jan 23 / SW,
YL 47,9 Dec 22,F,Unknown,36.95133,-122.06525,KD,TRUE,TRUE,11 Jan 23 / SW,
YL 48,9 Dec 22,F,Coyote,36.95138,-122.06521,KD,TRUE,TRUE,11 Jan 23 / SW,
YL 49,9 Dec 22,O,Coyote,36.95367,-122.06330,KD,TRUE,TRUE,11 Jan 23 / SW,
YL 50,9 Dec 22,O,Coyote,36.95380,-122.06338,KD,TRUE,TRUE,11 Jan 23 / SW,
YL 51,9 Dec 22,O,Coyote (?),36.95425,-122.06358,KD,FALSE,TRUE,11 Jan 23 / SW,
YL 52,9 Dec 22,O,Coyote,36.95475,-122.06397,KD,TRUE,TRUE,11 Jan 23 / SW,
YL 53,9 Dec 22,O,Coyote,36.95467,-122.06412,KD,TRUE,TRUE,11 Jan 23 / SW,
YL 54,9 Dec 22,O,Unknown,36.95606,-122.06386,KD,TRUE,FALSE,11 Jan 23 / SW,
YL 55,9 Dec 22,O,Bobcat,36.95608,-122.06388,KD,TRUE,FALSE,11 Jan 23 / SW,
YL 56,9 Dec 22,O,Bobcat,36.95625,-122.06381,KD,TRUE,FALSE,11 Jan 23 / SW,
YL 57,9 Dec 22,O,Coyote,36.95631,-122.06380,KD,TRUE,TRUE,11 Jan 23 / SW,
YL 58,9 Dec 22,O,Coyote,36.95634,-122.06380,KD,TRUE,TRUE,11 Jan 23 / SW,
YL 59,11 Dec 22,O,Coyote,36.95641,-122.06379,FG,TRUE,TRUE,11 Jan 23 / SW,
YL 60,11 Dec 22,O,Coyote,36.95639,-122.06376,FG,TRUE,TRUE,11 Jan 23 / SW,
YL 61,11 Dec 22,O,Coyote (?),36.95641,-122.06380,FG,TRUE,TRUE,11 Jan 23 / SW,
YL 62,11 Dec 22,O,Coyote,36.95635,-122.06379,FG,TRUE,TRUE,11 Jan 23 / SW,
YL 63,11 Dec 22,O,Coyote,36.95637,-122.06379,FG,FALSE,TRUE,11 Jan 23 / SW,
YL 64,11 Dec 22,O,Coyote,36.95653,-122.06385,FG,TRUE,TRUE,11 Jan 23 / SW,
YL 65,11 Dec 22,O,Coyote,36.95654,-122.06385,FG,TRUE,TRUE,11 Jan 23 / SW,
YL 66,11 Dec 22,O,Coyote,36.95655,-122.06385,FG,TRUE,TRUE,11 Jan 23 / SW,
YL 67,11 Dec 22,O,Coyote,36.95653,-122.06391,FG,TRUE,TRUE,11 Jan 23 / SW,
YL 68,11 Dec 22,O,Coyote,36.95666,-122.06403,FG,FALSE,TRUE,11 Jan 23 / SW,
YL 69,11 Dec 22,O,Coyote,36.95673,-122.06406,FG,TRUE,TRUE,11 Jan 23 / SW,
YL 70,11 Dec 22,O,Coyote,36.95674,-122.06407,FG,TRUE,TRUE,11 Jan 23 / SW,
YL 71,11 Dec 22,O,Coyote (?),36.95665,-122.06421,FG,TRUE,TRUE,11 Jan 23 / SW,
YL 72,11 Dec 22,O,Coyote,36.95680,-122.06422,FG,TRUE,TRUE,11 Jan 23 / SW,
YL 73,11 Dec 22,O,Coyote,36.95695,-122.06438,FG,TRUE,TRUE,11 Jan 23 / SW,
YL 74,11 Dec 22,O,Coyote,36.95695,-122.06438,FG,TRUE,TRUE,11 Jan 23 / SW,
YL 75,11 Dec 22,O,Coyote,36.95674,-122.06438,FG,TRUE,FALSE,11 Jan 23 / SW,
YL 76,11 Dec 22,F,Coyote,36.95665,-122.06442,FG,TRUE,TRUE,11 Jan 23 / SW,
YL 77,23 Jan 23,F,Coyote,36.95736,-122.06519,AGB,TRUE,TRUE,28 Jul 23 / FG,
YL 78,23 Jan 23,O,Coyote,36.95446,-122.06610,SW,TRUE,TRUE,28 Jul 23 / FG,
YL 79,23 Jan 23,O,Coyote,36.95261,-122.06738,AGB,TRUE,TRUE,28 Jul 23 / FG,
YL 80,12 Feb 23,O,Coyote,36.95001,-122.06645,AGB,TRUE,FALSE,28 Jul 23 / FG,
YL 81,12 Feb 23,F,Coyote,26.95217,-122.06587,AGB,TRUE,TRUE,28 Jul 23 / FG,
YL 82,12 Feb 23,O,Coyote,36.95124,-122.06300,SW,TRUE,TRUE,28 Jul 23 / FG,
YL 83,5 May 23,O,Coyote,36.95184,-122.06300,SW,TRUE,FALSE,28 Jul 23 / FG,
YL 84,5 May 23,F,Coyote,36.95354,-122.06328,SW,TRUE,TRUE,28 Jul 23 / FG,
YL 85,5 May 23,O,Coyote,36.95424,-122.06300,SW,TRUE,FALSE,28 Jul 23 / FG,
YL 86,2 June 23,O,Coyote,36.95248,-122.06757,SW,TRUE,FALSE,28 Jul 23 / FG,
YL 87,2 June 23,O,Coyote,36.95042,-122.06261,SW,TRUE,FALSE,28 Jul 23 / FG,
YL 88,2 June 23,O,Bobcat,36.95695,-122.06462,SW,TRUE,FALSE,28 Jul 23 / FG,
YL 89,2 June 23,O,Bobcat,36.95468,-122.06546,KD,TRUE,FALSE,28 Jul 23 / FG,
YL 90,2 June 23,F?,Coyote,36.95465,-122.06546,KD,TRUE,TRUE,28 Jul 23 / FG,
YL 91,2 June 23,F,Coyote,36.95259,-122.06698,KD,TRUE,TRUE,28 Jul 23 / FG,
YL 92,2 June 23,O,Coyote,36.95069,-122.06573,KD,TRUE,FALSE,28 Jul 23 / FG,
MC 1,22 Apr 23,O,Carnivore,39.503579,123.78676,SG,TRUE,FALSE,28 Jul 23 / FG,
MC 2,22 Apr 23,O,Coyote,39.479178,123.802468,FG,TRUE,FALSE,29 Jul 23 / FG,
MC 3,23 Apr 23,F,Coyote?,39.454326,123.810773,FG,TRUE,FALSE,29 Jul 23 / FG,
MC 4,23 Apr 23,O,Coyote?,39.45154,123.812284,FG,TRUE,FALSE,29 Jul 23 / FG,
MC 5,23 Apr 23,O,Carnivore,39.45154,123.812284,FG,TRUE,FALSE,29 Jul 23 / FG,
MC 6,23 Apr 23,O,Carnivore,39.350031,123.813774,FG,TRUE,FALSE,29 Jul 23 / FG,
MC 7,23 Apr 23,O,Coyote,39.350054,123.813787,FG,TRUE,FALSE,29 Jul 23 / FG,
MC 8,23 Apr 23,O,Carnivore,39.350565,123.820121,FG,TRUE,FALSE,29 Jul 23 / FG,
MC 9,23 Apr 23,O,Bobcat? ,39.351033,123.823056,FG,TRUE,FALSE,29 Jul 23 / FG,
MC 10,23 Apr 23,O,Coyote,39.351128,123.823377,FG,FALSE,FALSE,29 Jul 23 / FG,
MC 11,23 Apr 23,O,Coyote,39.351109,123.823422,FG,TRUE,FALSE,29 Jul 23 / FG,
MC 12,23 Apr 23,O,Coyote,39.35117,123.823804,FG,TRUE,FALSE,29 Jul 23 / FG,
MC 13,23 Apr 23,F,Coyote,39.49451,123.793,FG,TRUE,TRUE,29 Jul 23 / FG,
MC 14,8 May 23,F,Coyote,39.496443,123.791294,FG,TRUE,TRUE,29 Jul 23 / FG,
MC 15,9 May 23,O,Small Carnivore,39.489139,123.802287,FG,TRUE,FALSE,29 Jul 23 / FG,
MC 16,9 May 23,O,Coyote,39.50371,123.786729,FG,TRUE,FALSE,29 Jul 23 / FG,
MC 17,9 May 23,O,Coyote,39.503705,123.786729,FG,TRUE,FALSE,29 Jul 23 / FG,
MC 18,9 May 23,O,Coyote,39.503695,123.786737,FG,TRUE,FALSE,29 Jul 23 / FG,
MC 19,9 May 23,O,Coyote?,39.503687,123.786734,FG,TRUE,FALSE,29 Jul 23 / FG,
MC 20,9 May 23,O,Coyote,39.503547,123.78676,FG,TRUE,FALSE,29 Jul 23 / FG,
MC 21,9 May 23,O,Coyote,39.50355,123.786783,FG,TRUE,FALSE,29 Jul 23 / FG,
MC 22,9 May 23,O,Coyote,39.503509,123.786764,FG,TRUE,FALSE,29 Jul 23 / FG,
MC 23,9 May 23,O,Coyote,39.375026,123.819448,FG,TRUE,FALSE,29 Jul 23 / FG,
MC 24,9 May 23,O,Coyote,39.49386,123.793159,FG,TRUE,FALSE,29 Jul 23 / FG,
MC 25,10 May 23,O ,Canid?,39.275683,123.793753,FG,TRUE,FALSE,29 Jul 23 / FG,
PR 1 ,19 Dec 22,F,Coyote,38.046250,-122.972980,FG,TRUE,TRUE,21 Jan 23 / AGB,
PR 2,19 Dec 22,O,Bobcat (?),38.046100,-122.973010,FG,TRUE,FALSE,21 Jan 23 / AGB,
PR 3,19 Dec 22,O,Coyote ,38.022110,-122.971920,FG,TRUE,TRUE,21 Jan 23 / AGB,
PR 4,19 Dec 22,O,Coyote ,38.022110,-122.971930,FG,TRUE,TRUE,21 Jan 23 / AGB,
PR 5,19 Dec 22,O,Coyote ,38.022110,-122.971930,FG,FALSE,TRUE,21 Jan 23 / AGB,
PR 6,19 Dec 22,O,Coyote ,38.022150,-122.971950,FG,TRUE,FALSE,21 Jan 23 / AGB,
PR 7,19 Dec 22,O,Coyote ,38.022120,-122.971950,FG,TRUE,TRUE,21 Jan 23 / AGB,
PR 8,19 Dec 22,O,Coyote ,38.022500,-122.972730,FG,TRUE,TRUE,21 Jan 23 / AGB,
PR 9,19 Dec 22,O,Unknown,38.022370,-122.972460,FG,TRUE,FALSE,21 Jan 23 / AGB,
PR 10,19 Dec 22,O,Unknown,38.022370,-122.972460,FG,TRUE,FALSE,21 Jan 23 / AGB,
PR 11,19 Dec 22,O,Coyote,38.021870,-122.971190,FG,TRUE,TRUE,21 Jan 23 / AGB,
PR 12,19 Dec 22,O,Coyote,38.021730,-122.971080,FG,TRUE,TRUE,21 Jan 23 / AGB,
PR 13,19 Dec 22,O,Coyote (?),38.016090,-122.977140,FG,TRUE,TRUE,21 Jan 23 / AGB,
PR 14,19 Dec 22,O,Coyote,38.016240,-122.977230,FG,TRUE,FALSE,21 Jan 23 / AGB,
PR 15,19 Dec 22,O,Coyote,38.017140,-122.978070,FG,TRUE,TRUE,21 Jan 23 / AGB,
PR 16,19 Dec 22,O,Coyote (?),38.018070,-122.978940,FG,TRUE,FALSE,21 Jan 23 / AGB,
PR 17,19 Dec 22,O,Coyote,38.017560,-122.978490,FG,TRUE,TRUE,21 Jan 23 / AGB,
PR 18,19 Dec 22,O,Coyote,38.017530,-122.978480,FG,TRUE,TRUE,21 Jan 23 / AGB,
PR 19,19 Dec 22,O,Coyote,38.016410,-122.977500,FG,TRUE,TRUE,21 Jan 23 / AGB,
PR 20,19 Dec 22,O,Coyote,38.010840,-122.981600,FG,TRUE,TRUE,21 Jan 23 / AGB,
PR 21,19 Dec 22,O,Coyote,38.010830,-122.981620,FG,TRUE,TRUE,21 Jan 23 / AGB,
PR 22,19 Dec 22,O,Coyote,38.010860,-122.981640,FG,TRUE,TRUE,21 Jan 23 / AGB,
PR 23,19 Dec 22,O,Coyote,38.010870,-122.981670,FG,TRUE,TRUE,21 Jan 23 / AGB,
PR 24,19 Dec 22,O,Coyote,38.010820,-122.981510,FG,TRUE,TRUE,21 Jan 23 / AGB,
PR 25,20 Dec 22,O,Coyote,38.031350,-122.950000,FG,FALSE,TRUE,21 Jan 23 / AGB,
PR 26,20 Dec 22,O,Coyote (?),38.031270,-122.950700,FG,TRUE,FALSE,21 Jan 23 / AGB,
PR 27,20 Dec 22,O,Coyote,38.031210,-122.950660,FG,TRUE,TRUE,21 Jan 23 / AGB,
PR 28,20 Dec 22,O,Coyote (?),38.033890,-122.939220,FG,TRUE,FALSE,21 Jan 23 / AGB,
PR 29,20 Dec 22,O,Unknown,38.032250,-122.933690,FG,TRUE,FALSE,21 Jan 23 / AGB,
PR 30,20 Dec 22,F,Coyote,38.028650,-122.961720,FG,TRUE,TRUE,21 Jan 23 / AGB,
PR 31,20 Dec 22,F,Coyote,37.997220,-122.981650,FG,TRUE,TRUE,21 Jan 23 / AGB,
PR 32,20 Dec 22,O,Coyote,37.997210,-122.981580,FG,TRUE,FALSE,21 Jan 23 / AGB,
PR 33,20 Dec 22,O,Coyote,37.996890,-122.981050,FG,TRUE,TRUE,21 Jan 23 / AGB,
PR 34,20 Dec 22,O,Coyote,37.996830,-122.980780,FG,TRUE,TRUE,21 Jan 23 / AGB,
PR 35,27 Jan 23,O ,Coyote,38.029300,-122.958280,FG,TRUE,FALSE,6 Feb 23 / SW,
PR 36,27 Jan 23,O,Coyote,38.030280,-122.953890,FG,TRUE,FALSE,6 Feb 23 / SW,
PR 37,28 Jan 23,F,Coyote,38.029902,-122.961994,AGB,TRUE,TRUE,6 Feb 23 / SW,
PR 38,28 Jan 23,O,Coyote,38.029944,-122.956526,KD,TRUE,FALSE,6 Feb 23 / SW,
PR 39,28 Jan 23,O,Coyote,38.030000,-122.956208,KD,TRUE,FALSE,6 Feb 23 / SW,
PR 40,28 Jan 23,O,Coyote,38.035389,-122.94294,AGB,TRUE,FALSE,6 Feb 23 / SW,
PR 41,28 Jan 23,O,Coyote,38.034249,-122.94505,AGB,TRUE,FALSE,6 Feb 23 / SW,
PR 42,28 Jan 23,O,Coyote,38.034234,-122.94692,AGB,TRUE,FALSE,6 Feb 23 / SW,
PR 43,28 Jan 23,O,Coyote,38.03179,-122.94956,AGB,TRUE,FALSE,6 Feb 23 / SW,
PR 44,28 Jan 23,O,Coyote,38.03007,-122.95491,AGB,TRUE,FALSE,6 Feb 23 / SW,
PR 45,28 Jan 23,O,Coyote,38.02977,-122.96192,AGB,TRUE,FALSE,6 Feb 23 / SW,
PR 46,29 Jan 23,O,Coyote,37.99599,-122.97954,KD,TRUE,FALSE,6 Feb 23 / SW,
PR 47,29 Jan 23,O,Coyote,37.99466,-122.97632,KD,TRUE,FALSE,6 Feb 23 / SW,
PR 48,29 Jan 23,O,Coyote,37.99354,-122.97407,SW,TRUE,FALSE,6 Feb 23 / SW,
PR 49,29 Jan 23,F,Coyote,37.99238,-122.97066,SW,TRUE,TRUE,6 Feb 23 / SW,
PR 50,29 Jan 23,O,Coyote,37.99142,-122.96701,SW,TRUE,FALSE,6 Feb 23 / SW,
PR 51,29 Jan 23,O,Coyote,37.99100,-122.96920,SW,TRUE,FALSE,6 Feb 23 / SW,
PR 52,29 Jan 23,O,Bobcat (?),37.99107,-122.97205,SW,TRUE,FALSE,6 Feb 23 / SW,
PR 53,29 Jan 23,F,Coyote,37.99426,-122.97718,SW,TRUE,TRUE,6 Feb 23 / SW,
PR 54,29 Jan 23,F,Coyote,37.99474,-122.97917,FG,TRUE,TRUE,6 Feb 23 / SW,
PR 103,29 Jun 23,O,Coyote (?),38.02812,-122.96346,FG,TRUE,FALSE,4 Jul 23 / FG,
PR 104,29 Jun 23,O,Coyote (?),38.02712,-122.96243,FG,TRUE,FALSE,4 Jul 23 / FG,
PR 105,29 Jun 23,O,Coyote,38.02176,-122.97110,FG,TRUE,FALSE,4 Jul 23 / FG,
PR 106,29 Jun 23,O,Coyote,38.02175,-122.97108,FG,TRUE,FALSE,4 Jul 23 / FG,
PR 107,29 Jun 23,O,Coyote (?),38.01598,-122.97703,FG,TRUE,FALSE,4 Jul 23 / FG,
PR 108,29 Jun 23,O,Coyote (?),38.02769,-122.96381,FG,TRUE,FALSE,4 Jul 23 / FG,
PR 109,29 Jun 23,O,Coyote,38.02801,-122.96345,FG,TRUE,FALSE,4 Jul 23 / FG,
PR 110,29 Jun 23,O,Coyote,38.02801,-122.96346,FG,TRUE,FALSE,4 Jul 23 / FG,
PR 111,29 Jun 23,O,Coyote,38.02801,-122.96345,FG,TRUE,FALSE,4 Jul 23 / FG,
PR 112,29 Jun 23,O,Coyote (?),38.02802,-122.96345,FG,TRUE,FALSE,4 Jul 23 / FG,
PR 113,29 Jun 23,O,Coyote,38.02805,-122.96342,FG,TRUE,FALSE,4 Jul 23 / FG,
PR 114,29 Jun 23,O,Coyote,38.02805,-122.96343,FG,TRUE,FALSE,4 Jul 23 / FG,
PR 115,29 Jun 23,O,Coyote,38.02805,-122.96343,FG,TRUE,FALSE,4 Jul 23 / FG,
PR 116,29 Jun 23,O,Coyote,38.02805,-122.96344,FG,TRUE,FALSE,4 Jul 23 / FG,
PR 117,29 Jun 23,O,Coyote,38.02806,-122.96343,FG,TRUE,FALSE,4 Jul 23 / FG,
PR 118,29 Jun 23,O,Coyote (?),38.03202,-122.95190,FG,TRUE,FALSE,4 Jul 23 / FG,
PR 119,29 Jun 23,O,Coyote (?),38.03131,-122.94781,FG,TRUE,FALSE,4 Jul 23 / FG,
PR 120,29 Jun 23,O,Canid (?),38.03162,-122.94743,FG,TRUE,FALSE,4 Jul 23 / FG,
PR 121,29 Jun 23,O,Coyote,38.03422,-122.94536,FG,TRUE,FALSE,4 Jul 23 / FG,
PR 122,29 Jun 23,O,Coyote,38.03431,-122.94370,FG,TRUE,FALSE,4 Jul 23 / FG,
PR 123,29 Jun 23,O,Coyote,38.03590,-122.94260,FG,TRUE,FALSE,4 Jul 23 / FG,
PR 124,29 Jun 23,O,Coyote,38.03464,-122.94339,FG,TRUE,FALSE,4 Jul 23 / FG,
PR 125,29 Jun 23,O,Coyote,38.03424,-122.94534,FG,TRUE,FALSE,4 Jul 23 / FG,
PR 126,29 Jun 23,F,Coyote (?),38.03134,-122.94777,FG,TRUE,FALSE,4 Jul 23 / FG,
PR 127,30 Jun 23,O,Coyote,37.90199,-122.71778,FG,TRUE,FALSE,4 Jul 23 / FG,
PR 128,30 Jun 23,O,Coyote,37.90199,-122.71777,FG,TRUE,FALSE,4 Jul 23 / FG,
PR 129,30 Jun 23,O,Coyote,37.90219,-122.71796,FG,TRUE,FALSE,4 Jul 23 / FG,
PR 130,30 Jun 23,F,Coyote (?),37.89752,-122.71067,FG,TRUE,FALSE,4 Jul 23 / FG,
PR 131,30 Jun 23,O,Coyote (?),38.02745,-122.88907,FG,FALSE,FALSE,4 Jul 23 / FG,
PR 132,30 Jun 23,F,Coyote,38.02941,-122.88402,FG,FALSE,TRUE,4 Jul 23 / FG,
PR 134,30 Jun 23,O,Coyote,38.03109,-122.88415,FG,TRUE,FALSE,4 Jul 23 / FG,
PR 133,30 Jun 23,O,Coyote,38.09140,-122.92726,FG,TRUE,FALSE,4 Jul 23 / FG,
PR 135,30 Jun 23,O,Coyote,38.02894,-122.96214,FG,FALSE,FALSE,4 Jul 23 / FG,
PR 136,30 Jun 23,O,Coyote,38.02897,-122.96211,FG,FALSE,FALSE,4 Jul 23 / FG,
PR 137,30 Jun 23,O,Coyote,38.02942,-122.96191,FG,FALSE,FALSE,4 Jul 23 / FG,
PR 138,30 Jun 23,O,Coyote,38.02893,-122.96214,FG,FALSE,FALSE,4 Jul 23 / FG,
PR 55,12 May 23,F,Coyote,37.90139,-122.71611,FG,FALSE,FALSE,19 Jul 23 / FG,Whale 
PR 56,12 May 23,O,Coyote,38.05100,-122.98747,FG,FALSE,FALSE,19 Jul 23 / FG,Whale 
PR 60,5 Sept 23,O,Coyote,38.03228,-122.93929,FG,FALSE,TRUE,25 Sept 23 / FG,
PR 61,5 Sept 23,F,Coyote,38.02796,-122.95863,FG,FALSE,TRUE,25 Sept 23 / FG,
PR 62,5 Sept 23,O,Coyote,38.01632,-122.97661,FG,FALSE,TRUE,25 Sept 23 / FG,
PR 63,5 Sept 23,O,Coyote,38.02164,-122.97128,FG,FALSE,TRUE,25 Sept 23 / FG,
PR 64,5 Sept 23,O,Large Carnivore,38.08427,-122.93172,FG,FALSE,TRUE,25 Sept 23 / FG,
PR 65,5 Sept 23,O,Coyote,38.08720,-122.93085,FG,FALSE,TRUE,25 Sept 23 / FG,
PR 66,24 Sept 23,F,Coyote?,38.03236,-122.93722,FG,FALSE,TRUE,25 Sept 23 / FG,In intertidal (may have been submerged)
PR 67,24 Sept 23,F,Coyote,38.02090,-122.97179,FG,FALSE,TRUE,25 Sept 23 / FG,In intertidal (may have been submerged)
PR 68,24 Sept 23,O,Coyote?,38.01082,-122.98136,FG,FALSE,TRUE,25 Sept 23 / FG,
PR 69,24 Sept 23,O,Coyote?,38.01092,-122.98161,FG,FALSE,TRUE,25 Sept 23 / FG,
PR 70,24 Sept 23,O,Coyote,38.01078,-122.98112,FG,FALSE,TRUE,25 Sept 23 / FG,
PR 71,24 Sept 23,O,Coyote,38.01073,-122.98112,FG,FALSE,TRUE,25 Sept 23 / FG,
PR 72,24 Sept 23,O,Coyote,38.01172,-122.98096,FG,FALSE,TRUE,25 Sept 23 / FG,
PR 73,24 Sept 23,O,Coyote,38.01203,-122.98079,FG,FALSE,TRUE,25 Sept 23 / FG,
PR 74,24 Sept 23,O,Coyote?,38.01332,-122.97986,FG,FALSE,TRUE,25 Sept 23 / FG,
PR 75,24 Sept 23,O,Coyote,38.01358,-122.97977,FG,FALSE,TRUE,25 Sept 23 / FG,
PR 76,24 Sept 23,O,Coyote,38.01612,-122.97736,FG,FALSE,TRUE,25 Sept 23 / FG,
PR 77,24 Sept 23,F,Coyote,38.02175,-122.97121,FG,FALSE,TRUE,25 Sept 23 / FG,
PR 78,24 Sept 23,O,Coyote,38.02772,-122.96368,FG,FALSE,TRUE,25 Sept 23 / FG,
PR 80,24 Sept 23,O,Coyote,38.02768,-122.96370,FG,FALSE,TRUE,25 Sept 23 / FG,
PR 81,24 Sept 23,O,Coyote,38.02813,-122.96343,FG,FALSE,TRUE,25 Sept 23 / FG,
PR 82,24 Sept 23,O,Coyote,38.02810,-122.96342,FG,FALSE,TRUE,25 Sept 23 / FG,
PR 83,30 Sept 23,F,Coyote?,38.14927,-122.90722,FG,FALSE,TRUE,14 Nov 23 / FG,
PR 84,30 Sept 23,F,Coyote,38.09245,-122.9332700,FG,FALSE,TRUE,14 Nov 23 / FG,
PR 85,24 Oct 23,O,Coyote?,38.03422,-122.9470423,FG,FALSE,TRUE,14 Nov 23 / FG,
PR 86,24 Oct 23,O,Coyote?,38.03417,-122.9467611,FG,FALSE,TRUE,14 Nov 23 / FG,
PR 87,24 Oct 23,O,Coyote?,38.03418,-122.9467153,FG,FALSE,TRUE,14 Nov 23 / FG,
PR 88,24 Oct 23,O,Coyote,38.03417,-122.9463655,FG,FALSE,TRUE,14 Nov 23 / FG,
PR 89,24 Oct 23,F,Coyote,38.03422,-122.9455447,FG,FALSE,TRUE,14 Nov 23 / FG,Sequence!
PR 90,24 Oct 23,O,Coyote?,38.03415,-122.9442911,FG,FALSE,TRUE,14 Nov 23 / FG,
PR 91,24 Oct 23,F,Coyote (or bigger),38.03415,-122.9442330,FG,FALSE,TRUE,14 Nov 23 / FG,
PR 92,24 Oct 23,F,Coyote,38.03601,-122.9636392,FG,FALSE,TRUE,14 Nov 23 / FG,
PR 93,24 Oct 23,F,Coyote?,38.11553,-122.8728458,FG,FALSE,TRUE,14 Nov 23 / FG,Sequence!
PR 94,4 Nov 23,F,Coyote,38.14944,-122.9061377,FG,FALSE,TRUE,14 Nov 23 / FG,
PR 95,4 Nov 23,F,Large Carnivore,38.15041,-122.9075355,FG,FALSE,TRUE,14 Nov 23 / FG,
PR 96,4 Nov 23,O,Bobcat ,38.02827,-122.9610950,FG,FALSE,TRUE,14 Nov 23 / FG,
PR 97,4 Nov 23,O,Bobcat?,38.02871,-122.9610950,FG,FALSE,TRUE,14 Nov 23 / FG,
PR 98,4 Nov 23,O,Bobcat?,38.02871,-122.9610950,FG,FALSE,TRUE,14 Nov 23 / FG,
PR 99,4 Nov 23,O,Coyote,38.02825,-122.96106,FG,FALSE,TRUE,14 Nov 23 / FG,
PR 140,4 Nov 23,O,Coyote?,38.02824,-122.96047,FG,FALSE,TRUE,14 Nov 23 / FG,
PR 141,4 Nov 23,O,Coyote,38.02819,-122.96017,FG,FALSE,TRUE,14 Nov 23 / FG,
PR 142,4 Nov 23,O,Coyote?,38.03087,-122.95312,FG,FALSE,TRUE,14 Nov 23 / FG,
PR 143,4 Nov 23,O,Coyote?,38.03343,-122.93862,FG,FALSE,TRUE,14 Nov 23 / FG,
PR 144,4 Nov 23,F,Large Carnivore,38.03434,-122.93966,FG,FALSE,TRUE,14 Nov 23 / FG,
PR 145,4 Nov 23,O,Coyote?,38.03216,-122.93367,FG,FALSE,TRUE,14 Nov 23 / FG,
PR 146,4 Nov 23,O,Otter?,37.99756,-122.98278,FG,FALSE,TRUE,14 Nov 23 / FG,
PR 147,4 Nov 23,F,Otter/Mesocarnivore,37.99757,-122.98280,FG,FALSE,TRUE,14 Nov 23 / FG,
PR 148,4 Nov 23,O,Otter/Mesocarnivore,37.99810,-122.98397,FG,FALSE,TRUE,14 Nov 23 / FG,Sequence!
PR 149,4 Nov 23,O,Coyote?,37.99809,-122.98404,FG,FALSE,TRUE,14 Nov 23 / FG,
PR 150,4 Nov 23,O,Mesocarnivore,37.99806,-122.98430,FG,FALSE,TRUE,14 Nov 23 / FG,
PR 151,4 Nov 23,O,Coyote?,37.99812,-122.98512,FG,FALSE,TRUE,14 Nov 23 / FG,
PR 152,4 Nov 23,O,Coyote?,37.99937,-122.29848,FG,FALSE,TRUE,14 Nov 23 / FG,Sequence!
PR 153,4 Nov 23,O,Coyote,37.99963,-122.98489,FG,FALSE,TRUE,14 Nov 23 / FG,
PR 154,4 Nov 23,O,Coyote,37.99965,-122.98492,FG,FALSE,TRUE,14 Nov 23 / FG,
PR 155,4 Nov 23,O,Coyote,38.00002,-122.98481,FG,FALSE,TRUE,14 Nov 23 / FG,
PR 156,4 Nov 23,F,Coyote,38.00187,-122.98521,FG,FALSE,TRUE,14 Nov 23 / FG,Sequence!
PR 157,5 Nov 23,F,Coyote,38.15055,-122.90737,FG,FALSE,TRUE,14 Nov 23 / FG,
PR 158,5 Nov 23,F,Coyote,38.02088,-122.97215,FG,FALSE,TRUE,14 Nov 23 / FG,
PR 159,5 Nov 23,F,Coyote,38.01942,-122.97371,FG,FALSE,TRUE,14 Nov 23 / FG,
PR 160,5 Nov 23,O,Coyote?,38.02262,-122.97023,FG,FALSE,TRUE,14 Nov 23 / FG,
PR 161,5 Nov 23,O,Coyote?,38.02306,-122.96995,FG,FALSE,TRUE,14 Nov 23 / FG,
PR 162,5 Nov 23,O,Coyote,38.02321,-122.96986,FG,FALSE,TRUE,14 Nov 23 / FG,
PR 163,5 Nov 23,O,Coyote?,38.02617,-122.96426,FG,FALSE,TRUE,14 Nov 23 / FG,
AL 1,4 Nov 23,O,Coyote?,38.11785,-122.95489,AR,FALSE,TRUE,14 Nov 23 / FG,
AL 2,4 Nov 23,O,Coyote?,38.11755,-122.95703,AR,FALSE,TRUE,14 Nov 23 / FG,
AL 3,4 Nov 23,O,Coyote?,38.11652,-122.95660,AR,FALSE,TRUE,14 Nov 23 / FG,
AL 4,4 Nov 23,O,Coyote,38.11634,-122.95676,AR,FALSE,TRUE,14 Nov 23 / FG,
AL 5,4 Nov 23,O,Unknown,38.11525,-122.95656,AR,FALSE,TRUE,14 Nov 23 / FG,
AL 6,4 Nov 23,O,Coyote?,38.11466,-122.95672,AR,FALSE,TRUE,14 Nov 23 / FG,
AL 7,4 Nov 23,O,Coyote?,38.11947,-122.85259,AR,FALSE,TRUE,14 Nov 23 / FG,
AL 8,4 Nov 23,O,Coyote,38.11925,-122.95033,AR,FALSE,TRUE,14 Nov 23 / FG,
AL 9,4 Nov 23,O,Coyote,38.11895,-122.94481,AR,FALSE,TRUE,14 Nov 23 / FG,
AL 10,4 Nov 23,F,Coyote,38.11976,-122.94333,AR,FALSE,TRUE,14 Nov 23 / FG,
AL 11,4 Nov 23,F,Coyote,38.12110,-122.94226,AR,FALSE,TRUE,14 Nov 23 / FG,
AL 12,4 Nov 23,F,Coyote,38.12365,-122.93656,AR,FALSE,TRUE,14 Nov 23 / FG,
PR 170,5 Nov 23,F,Coyote?,37.59380,-122.58340,KV,FALSE,TRUE,14 Nov 23 / FG,
PR 171,5 Nov 23,O,Coyote,37.99346,-122.97427,KV,FALSE,TRUE,14 Nov 23 / FG,
PR 172,5 Nov 23,O,Coyote?,37.99317,-122.97189,KV,FALSE,TRUE,14 Nov 23 / FG,
PR 173,5 Nov 23,O,Coyote?,37.59320,-122.58130,KV,FALSE,TRUE,14 Nov 23 / FG,
PR 174,5 Nov 23,F,Coyote,37.59310,-122.58100,KV,FALSE,TRUE,14 Nov 23 / FG,Sequence! 
PR 175,5 Nov 23,F,Coyote,37.59320,-122.58100,KV,FALSE,TRUE,14 Nov 23 / FG,
PR 176,5 Nov 23,F,Coyote,37.59270,-122.57580,KV,FALSE,TRUE,14 Nov 23 / FG,
PR 177,5 Nov 23,O,Coyote,37.59260,-122.57570,KV,FALSE,TRUE,14 Nov 23 / FG,
PR 178,5 Nov 23,O,Coyote,37.59270,-122.58040,KV,FALSE,TRUE,14 Nov 23 / FG,
PR 179,5 Nov 23,O,Coyote?,37.59270,-122.58050,KV,FALSE,TRUE,14 Nov 23 / FG,
PR 180,5 Nov 23,O,Mesocarnivore,37.59320,-122.58190,KV,FALSE,TRUE,14 Nov 23 / FG,
PR 181,5 Nov 23,F,Mesocarnivore,37.59330,-122.58190,KV,FALSE,TRUE,14 Nov 23 / FG,
PR 182,5 Nov 23,F,Coyote,37.99651,-122.97962,KV,FALSE,TRUE,14 Nov 23 / FG,
PR 183,21 Dec 23,F,Coyote,38.03273,-122.93861,FG,FALSE,TRUE,29 Feb 24 / FG,
PR 184,21 Dec 23,O,Coyote?,38.0049,-122.98385,FG,FALSE,TRUE,29 Feb 24 / FG,
PR 185,13 Jan 24,O,Coyote?,38.02825,-122.96013,FG,FALSE,TRUE,29 Feb 24 / FG,
PR 186,13 Jan 24,F,Coyote,38.02904,-122.95766,FG,FALSE,TRUE,29 Feb 24 / FG,
PR 187,13 Jan 24,O,Coyote,38.03181,-122.9475,FG,FALSE,TRUE,29 Feb 24 / FG,Sequence
PR 188,13 Jan 24,O,Mesocarnivore,38.03182,-122.94753,FG,FALSE,TRUE,29 Feb 24 / FG,
PR 189,13 Jan 24,O,Coyote?,38.03192,-122.9474,FG,FALSE,TRUE,29 Feb 24 / FG,
PR 190,13 Jan 24,O,Coyote?,38.03185,-122.94839,FG,FALSE,TRUE,29 Feb 24 / FG,Small
PR 191,13 Jan 24,F,Coyote?,38.03339,-122.94723,FG,FALSE,TRUE,29 Feb 24 / FG,Small
PR 192,13 Jan 24,F,Coyote,38.03418,-122.94672,FG,FALSE,TRUE,29 Feb 24 / FG,Sequence
PR 193,13 Jan 24,O,Coyote,38.03416,-122.94663,FG,FALSE,TRUE,29 Feb 24 / FG,
PR 194,13 Jan 24,O,Coyote?,38.03422,-122.94583,FG,FALSE,TRUE,29 Feb 24 / FG,
PR 195,13 Jan 24,O,Coyote,38.03423,-122.94535,FG,FALSE,TRUE,29 Feb 24 / FG,
PR 196,13 Jan 24,F,Coyote,38.03525,-122.94216,FG,FALSE,TRUE,29 Feb 24 / FG,
PR 197,13 Jan 24,O,Coyote,38.03303,-122.93806,FG,FALSE,TRUE,29 Feb 24 / FG,Sequence
PR 198,13 Jan 24,O,Coyote,38.03217,-122.93608,FG,FALSE,TRUE,29 Feb 24 / FG,Sequence
PR 199,13 Jan 24,O,Coyote,38.02227,-122.97066,FG,FALSE,TRUE,28 Feb 24 / FG,
PR 200,13 Jan 24,O,Coyote,38.02227,-122.97066,FG,FALSE,TRUE,28 Feb 24 / FG,
PR 201,13 Jan 24,O,Coyote,38.02227,-122.97066,FG,FALSE,TRUE,28 Feb 24 / FG,
PR 202,13 Jan 24,F,Coyote,38.02227,-122.97066,FG,FALSE,TRUE,28 Feb 24 / FG,
PR 203,13 Jan 24,F,Coyote,38.02227,-122.97066,FG,FALSE,TRUE,28 Feb 24 / FG,
PR 204,13 Jan 24,O,Coyote,38.01875,-122.97668,FG,FALSE,TRUE,28 Feb 24 / FG,
PR 205,13 Jan 24,O,Coyote,38.02237,-122.97045,FG,FALSE,TRUE,28 Feb 24 / FG,
PR 206,27 Jan 24,F,Mesocarnivore,38.02681,-122.96333,FG,FALSE,TRUE,28 Feb 24 / FG,Red mold and sand in scat
PR 207,27 Jan 24,O,Coyote?,38.02230,-122.97050,FG,FALSE,TRUE,28 Feb 24 / FG,
PR 208,27 Jan 24,F,Coyote,38.02227,-122.97063,FG,FALSE,TRUE,28 Feb 24 / FG,
PR 209,27 Jan 24,O,Coyote,38.02227,-122.97063,FG,FALSE,TRUE,28 Feb 24 / FG,
PR 210,27 Jan 24,O,Coyote,38.02221,-122.97069,FG,FALSE,TRUE,28 Feb 24 / FG,
PR 211,27 Jan 24,O,Coyote,38.02221,-122.97069,FG,FALSE,TRUE,28 Feb 24 / FG,
PR 212,27 Jan 24,F,Coyote,38.02183,-122.97104,FG,FALSE,TRUE,28 Feb 24 / FG,Sequence
PR 213,27 Jan 24,F,Mesocarnivore,38.02117,-122.97213,FG,FALSE,TRUE,28 Feb 24 / FG,Sandy
PR 214,27 Jan 24,O,Coyote,38.01854,-122.97517,FG,FALSE,TRUE,28 Feb 24 / FG,
PR 215,27 Jan 24,O,Coyote,38.01854,-122.97517,FG,FALSE,TRUE,28 Feb 24 / FG,
PR 216,27 Jan 24,O,Coyote,38.01844,-122.97537,FG,FALSE,TRUE,28 Feb 24 / FG,
PR 217,27 Jan 24,F,Coyote,38.01842,-122.97538,FG,FALSE,TRUE,28 Feb 24 / FG,
PR 218,27 Jan 24,O,Coyote,,,FG,FALSE,TRUE,28 Feb 24 / FG,Unknown if scat was collected or not. No gps taken. 
PR 219,27 Jan 24,F,Coyote?,38.01616,-122.97720,FG,FALSE,TRUE,28 Feb 24 / FG,
PR 220,27 Jan 24,O,Coyote,38.01604,-122.97706,FG,FALSE,TRUE,28 Feb 24 / FG,
PR 221,27 Jan 24,O,Coyote,38.02202,-122.97084,FG,FALSE,TRUE,28 Feb 24 / FG,
PR 222,10 Feb 24,O,Coyote,38.01949,-122.97477,FG,FALSE,TRUE,28 Feb 24 / FG,
PR 223,10 Feb 24,F,Coyote?,38.02909,-122.95724,FG,FALSE,TRUE,28 Feb 24 / FG,
PR 224,10 Feb 24,O,Coyote?,38.02932,-122.95650,FG,FALSE,TRUE,28 Feb 24 / FG,
PR 225,10 Feb 24,F,Coyote?,38.03156,-122.94044,FG,FALSE,TRUE,28 Feb 24 / FG,
PR 226,10 Feb 24,O,Coyote,38.02789,-122.96098,FG,FALSE,TRUE,28 Feb 24 / FG,Sequence
PR 227,11 Feb 24,F,Mesocarnivore,37.99555,-122.97862,FG,FALSE,TRUE,28 Feb 24 / FG,
PR 228,11 Feb 24,F,Coyote?,37.99428,-122.97442,FG,FALSE,TRUE,28 Feb 24 / FG,"Sequence, seal pup present"